,title,rating,date_added,duration
0,9,PG-13,16-Nov-17,80 min
1,21,PG-13,1-Jan-20,123 min
2,Æon Flux,PG-13,1-Feb-18,93 min
3,"10,000 B.C.",PG-13,1-Jun-19,109 min
4,16 Blocks,PG-13,1-Nov-19,102 min
5,17 Again,PG-13,1-Jan-21,102 min
6,20 Feet From Stardom,PG-13,22-Sep-18,91 min
7,28 Days,PG-13,30-Sep-20,104 min
8,3 Days to Kill,PG-13,1-Dec-20,117 min
9,3 Generations,PG-13,28-Aug-17,92 min
10,3 Idiots,PG-13,1-Aug-19,164 min
11,5 Flights Up,PG-13,17-Mar-19,92 min
12,50 First Dates,PG-13,1-Dec-20,99 min
13,A 2nd Chance,PG,1-Jul-17,95 min
14,A Boy Called Po,PG,15-Jan-18,94 min
15,A Bridge Too Far,PG,1-Jul-20,176 min
16,A California Christmas,PG-13,14-Dec-20,107 min
17,A Champion Heart,G,14-Apr-20,90 min
18,A Cinderella Story,PG,1-Jan-20,95 min
19,A Cinderella Story: Christmas Wish,PG,1-Dec-19,86 min
20,A Monster Calls,PG-13,16-Jan-21,108 min
21,A Murder in the Park,PG-13,28-Apr-17,91 min
22,A Night at the Roxbury,PG-13,1-Dec-19,82 min
23,A Separation,PG-13,16-Mar-19,123 min
24,A Shaun the Sheep Movie: Farmageddon,G,14-Feb-20,87 min
25,A Tale of Love and Darkness,PG-13,25-Oct-19,98 min
26,A Thousand Words,PG-13,1-Jul-20,92 min
27,A Walk to Remember,PG,1-Jul-20,102 min
28,A Witches' Ball,PG,1-Oct-18,91 min
29,A Wrinkle in Time,PG,25-Sep-18,110 min
30,A.X.L.,PG,20-Mar-19,99 min
31,About a Boy,PG-13,1-Feb-19,101 min
32,Across the Universe,PG-13,1-Jan-19,133 min
33,Adrift,PG-13,1-Sep-20,96 min
34,After,PG-13,9-Oct-19,106 min
35,Alice Doesn't Live Here Anymore,PG,1-Jul-19,112 min
36,Aliens Ate My Homework,PG,6-Mar-18,90 min
37,All Dogs Go to Heaven,G,1-Jun-20,85 min
38,All Together Now,PG,29-Aug-20,94 min
39,Amandla! A Revolution in Four Part Harmony,PG-13,28-Sep-20,103 min
40,An American Tail,G,1-Apr-18,80 min
41,An American Tail: Fievel Goes West,G,1-Apr-18,75 min
42,An American Tail: The Mystery of the Night Monster,G,1-Apr-18,75 min
43,An American Tail: The Treasures of Manhattan Island,G,1-Apr-18,79 min
44,Angels & Demons,PG-13,1-Dec-20,139 min
45,Anger Management,PG-13,1-Nov-19,105 min
46,Ant-Man and the Wasp,PG-13,29-Jan-19,118 min
47,Apollo 18,PG-13,9-Mar-19,87 min
48,April and the Extraordinary World,PG,1-Oct-17,107 min
49,Arctic Dogs,PG,4-May-20,93 min
50,Arthur,PG-13,1-Apr-19,110 min
51,Arthur Christmas,PG,1-Jan-20,98 min
52,As Good as It Gets,PG-13,1-Jan-20,139 min
53,Athlete A,PG-13,24-Jun-20,104 min
54,Atlas Shrugged: Part II,PG-13,19-Dec-20,112 min
55,Austin Powers in Goldmember,PG-13,1-Dec-19,94 min
56,Austin Powers: International Man of Mystery,PG-13,1-Dec-19,90 min
57,Austin Powers: The Spy Who Shagged Me,PG-13,1-Dec-19,95 min
58,Avengers: Infinity War,PG-13,25-Dec-18,150 min
59,Balto,G,1-Apr-18,78 min
60,Balto 2: Wolf Quest,G,1-Apr-18,75 min
61,Balto 3: Wings of Change,G,1-Apr-18,78 min
62,Barely Lethal,PG-13,26-Jul-18,99 min
63,Bathtubs Over Broadway,PG-13,9-May-19,87 min
64,Be Somebody,PG,20-Nov-19,88 min
65,Bean: The Ultimate Disaster Movie,PG-13,1-Aug-18,89 min
66,Beavis and Butt-head Do America,PG-13,20-Nov-19,81 min
67,Bebe's Kids,PG-13,20-Nov-19,73 min
68,Becoming,PG,6-May-20,89 min
69,Becoming Jane,PG-13,12-Jan-19,121 min
70,Bedtime Stories,PG,5-Mar-19,100 min
71,Bee Movie,PG,1-Jan-17,92 min
72,Before I Fall,PG-13,8-Jun-20,98 min
73,Before I Wake,PG-13,5-Jan-18,97 min
74,Before the Flood,PG,1-Feb-18,97 min
75,Being Elmo: A Puppeteer's Journey,PG,21-Feb-12,76 min
76,Benchwarmers 2: Breaking Balls,PG-13,31-Dec-19,90 min
77,Benji: Off the Leash,PG,6-Mar-18,100 min
78,Bennett's War,PG-13,2-May-20,94 min
79,Bethany Hamilton: Unstoppable,PG,25-Mar-20,100 min
80,Big Daddy,PG-13,1-Oct-20,93 min
81,Big Fat Liar,PG,15-Jan-20,88 min
82,Big Miracle,PG,30-Sep-18,107 min
83,Big Stone Gap,PG-13,5-Jun-20,103 min
84,Bigger Fatter Liar,PG,18-Apr-17,95 min
85,Black Panther,PG-13,4-Sep-18,135 min
86,Blackfish,PG-13,1-May-20,83 min
87,Blackway,PG-13,15-Dec-17,90 min
88,Blinky Bill: The Movie,PG,8-Feb-17,91 min
89,Blue Jasmine,PG-13,8-Mar-19,98 min
90,Blue Streak,PG-13,1-Jan-21,94 min
91,Bobbleheads The Movie,PG,8-Dec-20,83 min
92,Bolt,PG,22-Jul-18,99 min
93,Boy and the World,PG,1-Oct-17,80 min
94,Brain on Fire,PG-13,22-Jun-18,89 min
95,Bratz: The Movie,PG,29-Jun-20,102 min
96,Bring It On: Worldwide Showdown,PG-13,29-Aug-17,95 min
97,Bully,PG-13,29-Sep-20,98 min
98,Burlesque,PG-13,16-Dec-19,119 min
99,Can't Hardly Wait,PG-13,1-Jan-21,101 min
100,Canvas,G,11-Dec-20,9 min
101,Carriers,PG-13,20-Nov-19,85 min
102,Casino Royale,PG-13,31-Aug-20,145 min
103,Catch Me If You Can,PG-13,1-Jan-21,141 min
104,Cats & Dogs: The Revenge of Kitty Galore,PG,1-Feb-19,82 min
105,Center Stage,PG-13,1-Jan-20,116 min
106,Change in the Air,PG,1-Mar-20,95 min
107,Chappaquiddick,PG-13,1-Oct-18,106 min
108,Charlie and the Chocolate Factory,PG,1-Jan-20,115 min
109,Charlie's Angels,PG-13,1-Oct-19,98 min
110,Charlie's Angels: Full Throttle,PG-13,1-Oct-19,106 min
111,Charlotte's Web,G,23-Nov-19,94 min
112,Chicken Little,G,16-Mar-16,82 min
113,Chitty Chitty Bang Bang,G,1-Jan-20,146 min
114,Christian Mingle,PG,6-Jun-19,99 min
115,Christmas Wedding Planner,PG,15-Nov-18,86 min
116,Christmas with the Kranks,PG,1-Jan-19,99 min
117,Christopher Robin,PG,5-Mar-19,104 min
118,Cirque du Freak: The Vampire's Assistant,PG-13,16-Apr-18,109 min
119,Clash of the Titans,PG-13,1-Aug-19,106 min
120,Cleopatra Jones,PG,1-Nov-19,89 min
121,Click,PG-13,1-Jan-20,108 min
122,Cloudy with a Chance of Meatballs,PG,1-Jan-21,90 min
123,Cloudy with a Chance of Meatballs 2,PG,15-Nov-20,95 min
124,Cloverfield,PG-13,1-Jan-20,85 min
125,Coach Carter,PG-13,1-Jan-20,137 min
126,Code Name: The Cleaner,PG-13,1-Nov-19,91 min
127,Cop and a Half: New Recruit,PG,17-Aug-17,96 min
128,Cops and Robbers,PG-13,28-Dec-20,8 min
129,Coraline,PG,16-Mar-17,101 min
130,"Crouching Tiger, Hidden Dragon",PG-13,1-Mar-19,120 min
131,"Crouching Tiger, Hidden Dragon: Sword of Destiny",PG-13,26-Feb-16,101 min
132,Dad,PG,1-Apr-18,117 min
133,Daddy Day Care,PG,1-Jan-19,93 min
134,Dante's Peak,PG-13,1-Sep-19,108 min
135,Dark Skies,PG-13,22-Jun-20,97 min
136,David Attenborough: A Life on Our Planet,PG,4-Oct-20,84 min
137,Dean,PG-13,15-Mar-20,94 min
138,Deep,PG,23-Nov-17,93 min
139,Dick Johnson Is Dead,PG-13,2-Oct-20,90 min
140,Die Another Day,PG-13,31-Dec-19,133 min
141,Dinner for Schmucks,PG-13,1-Jan-20,115 min
142,Doctor Zhivago,PG-13,1-Nov-19,200 min
143,Dolphin Tale 2,PG,25-Feb-19,107 min
144,Don Verdean,PG-13,1-Mar-20,96 min
145,Doubt,PG-13,7-Mar-19,104 min
146,Dovlatov,PG-13,26-Oct-18,126 min
147,Dr. Seuss' The Cat in the Hat,PG,1-May-19,82 min
148,Dr. Seuss' The Grinch,PG,5-Jun-19,86 min
149,Dr. Seuss' The Lorax,PG,7-Jul-20,86 min
150,Dragonheart,PG-13,1-Jan-20,103 min
151,Dragonheart 3: The Sorcerer,PG-13,1-Jan-20,97 min
152,Dragonheart: A New Beginning,PG,1-Jan-20,84 min
153,Dragonheart: Battle for the Heartfire,PG-13,13-Jun-17,98 min
154,Dragonheart: Vengeance,PG-13,4-Feb-20,97 min
155,Duck Duck Goose,PG,20-Jul-18,92 min
156,Dumb and Dumberer: When Harry Met Lloyd,PG-13,1-Oct-19,85 min
157,Dumplin',PG-13,7-Dec-18,110 min
158,Earth to Echo,PG,1-Oct-19,91 min
159,East Side Sushi,PG,15-Sep-20,106 min
160,Easy A,PG-13,1-Nov-20,92 min
161,Eat Pray Love,PG-13,10-Sep-19,140 min
162,Echo in the Canyon,PG-13,24-Oct-19,82 min
163,Effie Gray,PG-13,1-Dec-20,109 min
164,Elliot the Littlest Reindeer,PG,1-Nov-20,90 min
165,Employee of the Month,PG-13,1-Oct-20,108 min
166,Enola Holmes,PG-13,23-Sep-20,124 min
167,Enter the Warriors Gate,PG-13,5-Aug-17,105 min
168,Equals,PG-13,28-Oct-18,102 min
169,Eurovision Song Contest: The Story of Fire Saga,PG-13,26-Jun-20,124 min
170,Evan Almighty,PG,16-Apr-19,96 min
171,Evolution,PG-13,20-Nov-19,102 min
172,"Faith, Hope & Love",PG,4-Feb-20,106 min
173,Ferris Bueller's Day Off,PG-13,3-Jan-20,103 min
174,Fiddler on the Roof,G,1-Jul-20,181 min
175,Fisherman's Friends,PG-13,22-Oct-20,112 min
176,Flash of Genius,PG-13,16-Jan-17,119 min
177,Footprints: The Path of Your Life,PG,30-Jun-17,90 min
178,For the Love of Benji,G,6-Mar-18,84 min
179,Forbidden Planet,G,1-Nov-19,98 min
180,Forks Over Knives,PG,3-Oct-19,96 min
181,Four Christmases,PG-13,1-Jan-21,88 min
182,Fred Claus,PG,1-Jan-21,115 min
183,Free Willy,PG,1-Jan-20,112 min
184,Froning: The Fittest Man in History,PG,15-Jul-18,99 min
185,G-Force,PG,15-Mar-19,88 min
186,Garfield's Pet Force,G,1-Jan-20,78 min
187,Generation Iron 2,PG-13,1-Oct-17,107 min
188,George of the Jungle 2,PG,20-Dec-16,87 min
189,Get Santa,PG,12-Dec-14,103 min
190,Get Smart,PG-13,1-Apr-19,110 min
191,Getting Played,PG-13,1-Nov-19,85 min
192,Ghost of the Mountains,G,13-Sep-17,78 min
193,Ghost Rider,PG-13,1-Oct-20,110 min
194,Gigi,G,1-Nov-19,115 min
195,Gimme Shelter,PG-13,1-Jan-21,101 min
196,Ginger & Rosa,PG-13,15-Jul-18,90 min
197,Giving Voice,PG-13,11-Dec-20,91 min
198,Gnome Alone,PG,19-Oct-18,86 min
199,God Bless the Broken Road,PG,9-Feb-19,111 min
200,God's Not Dead,PG,1-Apr-20,113 min
201,God's Not Dead: A Light in Darkness,PG,4-Dec-18,106 min
202,GoldenEye,PG-13,31-Dec-19,130 min
203,Good Burger,PG,1-Jan-21,96 min
204,Good Hair,PG-13,1-Jan-21,96 min
205,"Good Night, and Good Luck",PG,2-Jun-19,93 min
206,Goosebumps 2: Haunted Halloween,PG,25-Apr-19,90 min
207,Grand-Daddy Day Care,PG-13,25-Dec-19,96 min
208,Grease,PG,1-Nov-19,110 min
209,Greater,PG,31-Mar-20,131 min
210,Growing Up Wild,G,19-Feb-17,78 min
211,"Hail, Caesar!",PG-13,16-Apr-20,106 min
212,Hairspray,PG,1-Jan-20,116 min
213,HALO Legends,PG-13,1-May-17,117 min
214,Happy as Lazzaro,PG-13,30-Nov-18,127 min
215,He Named Me Malala,PG-13,1-Jun-18,89 min
216,Heartbreakers,PG-13,31-Dec-19,124 min
217,Hedgehogs,PG,1-Apr-19,94 min
218,Hellboy,PG-13,1-Dec-18,122 min
219,Hitch,PG-13,1-Jan-20,118 min
220,Holly Star,PG,1-Nov-19,92 min
221,Honey 2,PG-13,1-Oct-19,111 min
222,Honey: Rise Up and Dance,PG-13,3-Apr-18,100 min
223,Hoodwinked Too! Hood vs. Evil,PG,3-Nov-18,86 min
224,Hook,PG,15-Jan-21,142 min
225,Hop,PG,16-Jan-20,95 min
226,Hope Springs Eternal,PG,8-Nov-18,79 min
227,Hot Rod,PG-13,20-Nov-19,88 min
228,Hotel for Dogs,PG,2-Sep-20,101 min
229,Hotel Transylvania 3: Summer Vacation,PG,24-Jan-19,97 min
230,House at the End of the Street,PG-13,8-May-20,101 min
231,How the Grinch Stole Christmas,PG,1-Jun-17,105 min
232,How to Be a Latin Lover,PG-13,1-Nov-19,116 min
233,How to Make an American Quilt,PG-13,1-Apr-18,116 min
234,How to Train Your Dragon 2,PG,11-Sep-20,102 min
235,Howards End,PG,16-Mar-17,143 min
236,Hubie Halloween,PG-13,7-Oct-20,104 min
237,Hugo,PG,1-Mar-20,127 min
238,Hulk Vs.,PG-13,1-Jun-20,83 min
239,Hunt for the Wilderpeople,PG-13,1-Oct-20,101 min
240,I Am Bolt,PG,1-Oct-17,107 min
241,I Am Not Your Negro,PG-13,3-Jul-20,94 min
242,I Don't Know How She Does It,PG-13,23-Mar-19,89 min
243,I'll See You in My Dreams,PG-13,22-Oct-19,96 min
244,I'm in Love with a Church Girl,PG,1-Oct-17,119 min
245,If Anything Happens I Love You,PG,20-Nov-20,13 min
246,Igor,PG,1-Sep-19,87 min
247,Imagine That,PG,7-Dec-19,108 min
248,In The Deep,PG-13,10-Jan-18,89 min
249,In This Corner of the World,PG-13,15-Mar-18,129 min
250,Incarnate,PG-13,16-Dec-20,87 min
251,Inception,PG-13,1-Jan-20,148 min
252,Incredibles 2 (Spanish Version),PG,8-Feb-19,118 min
253,Indiana Jones and the Kingdom of the Crystal Skull,PG-13,1-Jan-19,123 min
254,Indiana Jones and the Last Crusade,PG-13,1-Jan-19,127 min
255,Indiana Jones and the Raiders of the Lost Ark,PG,1-Jan-19,116 min
256,Indiana Jones and the Temple of Doom,PG,1-Jan-19,119 min
257,Inequality for All,PG,29-Aug-18,90 min
258,Inkheart,PG,1-Jul-19,106 min
259,Insidious,PG-13,9-May-19,103 min
260,Instructions Not Included,PG-13,1-Jan-20,122 min
261,Invictus,PG-13,1-Nov-19,134 min
262,Ip Man 3,PG-13,18-Jun-16,105 min
263,Iron Man & Captain America: Heroes United,PG,12-Oct-14,71 min
264,It Takes Two,PG,20-Nov-19,101 min
265,Jack and the Cuckoo-Clock Heart,PG,8-Feb-17,93 min
266,Jem and the Holograms,PG,16-Apr-20,119 min
267,Jeremy Scott: The People's Designer,PG-13,1-Apr-16,109 min
268,Jimmy Neutron: Boy Genius,G,1-Jan-20,83 min
269,Jingle Jangle: A Christmas Journey,PG,13-Nov-20,124 min
270,Jiro Dreams of Sushi,PG,5-Jun-19,79 min
271,John Carter,PG-13,2-May-19,133 min
272,Judy Moody and the Not Bummer Summer,PG,8-Aug-19,91 min
273,Julie & Julia,PG-13,1-Jan-21,123 min
274,Jumping the Broom,PG-13,1-Nov-20,113 min
275,Jupiter Ascending,PG-13,1-Aug-19,128 min
276,Just Friends,PG-13,1-Sep-19,94 min
277,Justin Bieber: Never Say Never,G,1-Jan-18,106 min
278,K-19: The Widowmaker,PG-13,21-Nov-19,138 min
279,Kahlil Gibran's The Prophet,PG,1-Oct-17,85 min
280,Kate & Leopold,PG-13,1-Jan-20,118 min
281,Killer Klowns from Outer Space,PG-13,1-Apr-20,86 min
282,Killers,PG-13,1-Jan-21,100 min
283,King's Ransom,PG-13,1-Nov-19,98 min
284,Kingpin,PG-13,1-Jan-20,114 min
285,Klaus,PG,15-Nov-19,98 min
286,Knock Down The House,PG,1-May-19,88 min
287,Knowing,PG-13,1-Oct-19,121 min
288,Kon-Tiki,PG-13,26-Apr-19,96 min
289,La Bamba,PG-13,1-Jan-20,109 min
290,Lady Driver,PG,2-May-20,104 min
291,Lady in the Water,PG-13,1-Jul-19,110 min
292,Lagaan,PG,10-Jan-21,224 min
293,Leap Year,PG,15-Nov-19,100 min
294,Leap!,PG,7-Jan-21,89 min
295,Lee Daniels' The Butler,PG-13,16-Dec-20,132 min
296,Left Behind,PG-13,26-Dec-18,110 min
297,Legend of the Guardians: The Owls of Ga'Hoole,PG,1-Jan-20,97 min
298,Les Misérables,PG-13,16-Aug-20,158 min
299,Let It Snow,PG-13,8-Nov-19,93 min
300,Lincoln,PG-13,21-Feb-18,150 min
301,Little Men,PG,12-Jan-17,85 min
302,Little Monsters,PG,1-Nov-20,102 min
303,Little Nicky,PG-13,1-Dec-20,90 min
304,Lo and Behold: Reveries of the Connected World,PG-13,23-Dec-16,98 min
305,Lockout,PG-13,7-May-20,95 min
306,Logan's Run,PG,1-Nov-19,118 min
307,Love Jacked,PG-13,1-Feb-20,94 min
308,Loving,PG-13,16-Nov-20,124 min
309,Lu Over the Wall,PG,18-Mar-20,113 min
310,Lupin the 3rd: The Castle of Cagliostro: Special Edition,PG-13,15-May-18,100 min
311,Mad Money,PG-13,1-Nov-19,99 min
312,Madagascar: Escape 2 Africa,PG,1-May-20,91 min
313,Manglehorn,PG-13,16-Apr-17,97 min
314,Mansfield Park,PG-13,1-Jan-20,112 min
315,Marvel Super Hero Adventures: Frost Fight!,PG,24-Feb-16,74 min
316,Marvel's Hulk: Where Monsters Dwell,PG,4-Jan-17,75 min
317,Marvel's Iron Man & Hulk: Heroes United,PG,16-Feb-14,72 min
318,Mary and the Witch's Flower,PG,17-Jul-18,103 min
319,Mary Poppins Returns,PG,9-Jul-19,131 min
320,Mean Girls 2,PG-13,1-Jan-21,98 min
321,Men in Black,PG-13,19-Oct-19,98 min
322,Men in Black II,PG-13,1-Oct-19,88 min
323,Menashe,PG,25-Jan-20,82 min
324,Middle School: The Worst Years of My Life,PG,3-Mar-19,92 min
325,Midnight Special,PG-13,7-Sep-20,112 min
326,Miracle,PG,1-Jun-18,136 min
327,Mirai,PG,1-Jun-20,98 min
328,Mirror Mirror,PG,24-Apr-20,106 min
329,Miss Hokusai,PG-13,1-Oct-17,90 min
330,Miss Julie,PG-13,2-Sep-15,130 min
331,Modest Heroes: Ponoc Short Films Theatre,PG,22-May-20,54 min
332,Mona Lisa Smile,PG-13,1-Jan-19,119 min
333,Monkey Up,PG,19-Mar-16,83 min
334,Monster Family,PG,4-Apr-18,93 min
335,Monster House,PG,1-Dec-20,91 min
336,Monster-in-Law,PG-13,1-Jan-20,101 min
337,Monty Python and the Holy Grail,PG,2-Jan-19,92 min
338,Mountain,PG,1-Oct-18,74 min
339,Mowgli: Legend of the Jungle,PG-13,7-Dec-18,105 min
340,Mr. Church,PG-13,22-Dec-18,105 min
341,Mr. Deeds,PG-13,1-Aug-20,97 min
342,Mr. Peabody & Sherman,PG,11-Aug-20,93 min
343,Mr. Woodcock,PG-13,1-Sep-19,88 min
344,Mubarakan,PG-13,5-Nov-17,153 min
345,Mud,PG-13,1-Jan-21,131 min
346,Mune: Guardian of the Moon,PG,26-Jan-18,85 min
347,Muppets Most Wanted,PG,1-Sep-20,110 min
348,Murder Mystery,PG-13,14-Jun-19,98 min
349,My Entire High School Sinking Into the Sea,PG-13,23-Jan-18,77 min
350,My Girl,PG-13,1-Jan-20,102 min
351,My Life as a Zucchini,PG-13,1-Oct-17,68 min
352,My Perfect Romance,PG,1-May-18,92 min
353,My Sister's Keeper,PG-13,1-Sep-19,109 min
354,Nacho Libre,PG,1-Nov-19,92 min
355,National Lampoon's Loaded Weapon 1,PG-13,1-Nov-19,82 min
356,National Treasure,PG,1-Jun-18,131 min
357,New York Minute,PG,1-Jan-20,91 min
358,Next,PG-13,1-Jul-19,96 min
359,Nights in Rodanthe,PG-13,1-Jul-19,97 min
360,No Reservations,PG,1-Oct-19,104 min
361,Nothing to Lose,PG,20-Jul-18,133 min
362,Nothing to Lose 2,PG-13,7-Dec-19,97 min
363,November Criminals,PG-13,3-Jul-20,86 min
364,Now and Then,PG-13,2-Aug-19,102 min
365,Océans,G,19-Sep-19,84 min
366,Ocean's Thirteen,PG-13,1-Oct-19,122 min
367,Ocean's Twelve,PG-13,1-Oct-19,125 min
368,Okko's Inn,PG,12-Jun-20,96 min
369,Once Upon a Time in the West,PG-13,20-Nov-19,166 min
370,One Direction: This Is Us,PG,1-Oct-19,92 min
371,Open Season,PG,1-Sep-19,86 min
372,Our House,PG-13,1-Jun-20,90 min
373,Over the Moon,PG,23-Oct-20,100 min
374,P.S. I Love You,PG-13,1-Apr-19,126 min
375,Pachamama,PG,7-Jun-19,71 min
376,Pad Man,PG-13,21-Aug-18,130 min
377,ParaNorman,PG,18-Oct-20,93 min
378,Paul Blart: Mall Cop,PG,1-Nov-20,91 min
379,Penelope,PG,1-Apr-19,89 min
380,Penguins of Madagascar: The Movie,PG,15-Jan-21,92 min
381,Peter Rabbit,PG,18-Aug-18,95 min
382,Phantom Boy,PG,1-Oct-17,85 min
383,Philadelphia,PG-13,1-Jul-19,126 min
384,Planet 51,PG,23-Jan-19,91 min
385,Playing for Keeps,PG-13,3-Jan-21,106 min
386,Polaroid,PG-13,9-Feb-20,88 min
387,Pope Francis: A Man of His Word,PG,3-Jan-19,96 min
388,Popeye,PG,24-Nov-19,114 min
389,Poseidon,PG-13,1-Sep-19,98 min
390,Poster Boys,PG-13,27-Nov-17,128 min
391,Pottersville,PG-13,15-Dec-17,86 min
392,Prom Night,PG-13,12-Nov-20,88 min
393,Pup Star,G,29-Oct-16,92 min
394,Pup Star: Better 2Gether,PG,28-Oct-17,93 min
395,Pup Star: World Tour,G,5-May-18,87 min
396,Puppy Star Christmas,PG,20-Nov-18,91 min
397,Puss in Boots,PG,1-Sep-20,92 min
398,Quantum of Solace,PG-13,31-Aug-20,106 min
399,Quartet,PG-13,11-May-20,98 min
400,Queen of the Desert,PG-13,6-Apr-19,128 min
401,Quigley Down Under,PG-13,1-Dec-20,120 min
402,R.L. Stine's Mostly Ghostly,PG,1-Aug-18,98 min
403,Race to Witch Mountain,PG,1-Jul-19,99 min
404,Ralph Breaks the Internet: Wreck-It Ralph 2,PG,11-Jun-19,113 min
405,Rango,PG,28-Dec-20,110 min
406,Real Steel,PG-13,24-Sep-20,127 min
407,Rebecca,PG-13,21-Oct-20,123 min
408,Rebel Without a Cause,PG-13,1-Nov-19,111 min
409,Red Dawn,PG-13,31-Dec-19,114 min
410,Remember Me,PG-13,1-Aug-20,112 min
411,Rememory,PG-13,1-Jun-20,112 min
412,Ride Like a Girl,PG,27-Jun-20,99 min
413,Rising Phoenix,PG-13,26-Aug-20,107 min
414,Rize,PG-13,1-Oct-20,87 min
415,Rocky,PG,1-Aug-19,120 min
416,Rocky II,PG,1-Aug-19,119 min
417,Rocky III,PG,1-Aug-19,100 min
418,Rocky IV,PG,1-Aug-19,92 min
419,Rocky V,PG-13,1-Aug-19,104 min
420,Roped,PG,2-May-20,90 min
421,Rugrats in Paris: The Movie,G,1-Oct-19,79 min
422,Rumor Has It,PG-13,1-Aug-19,97 min
423,Runaway Bride,PG,1-Dec-20,116 min
424,Russell Madness,PG,10-May-15,93 min
425,S.W.A.T.,PG-13,1-Jan-21,117 min
426,Same Kind of Different as Me,PG-13,17-Aug-18,119 min
427,Samson,PG-13,14-Dec-18,109 min
428,Sarah's Key,PG-13,21-Sep-19,102 min
429,Saving Mr. Banks,PG-13,2-Mar-19,126 min
430,Scales: Mermaids Are Real,PG,23-Jan-20,93 min
431,Scary Movie 5,PG-13,12-Aug-20,88 min
432,Scorpion King 5: Book of Souls,PG-13,23-Oct-18,102 min
433,Scott Pilgrim vs. the World,PG-13,16-Sep-18,112 min
434,Searching for Bobby Fischer,PG,7-Dec-20,110 min
435,Searching for Sugar Man,PG-13,1-Dec-19,86 min
436,Season of the Witch,PG-13,26-Apr-19,95 min
437,Secret in Their Eyes,PG-13,1-Apr-18,111 min
438,Selfless,PG-13,16-Aug-19,117 min
439,Senna,PG-13,1-Oct-19,106 min
440,Septembers of Shiraz,PG-13,24-Aug-20,110 min
441,Seven in Heaven,PG-13,6-Oct-18,94 min
442,Seven Pounds,PG-13,1-Dec-18,123 min
443,Seventh Son,PG-13,16-Aug-20,102 min
444,Shark Night,PG-13,2-Nov-19,91 min
445,Sherlock Holmes,PG-13,1-Jan-21,128 min
446,Shorts,PG,1-Jul-19,89 min
447,Sierra Burgess Is A Loser,PG-13,7-Sep-18,106 min
448,Singularity,PG-13,1-Jun-18,92 min
449,Skiptrace,PG-13,4-Jul-19,107 min
450,Skyline,PG-13,16-Jan-19,94 min
451,Sleepover,PG,1-Mar-20,89 min
452,Small Soldiers,PG-13,1-Jun-19,110 min
453,SMOSH: The Movie,PG-13,22-Sep-15,83 min
454,Snow Day,PG,1-Jan-20,89 min
455,Solo: A Star Wars Story,PG-13,9-Jan-19,135 min
456,Solo: A Star Wars Story (Spanish Version),PG-13,9-Jan-19,135 min
457,Something's Gotta Give,PG-13,1-Aug-19,128 min
458,Soul Surfer,PG,17-May-20,106 min
459,Space Cowboys,PG-13,1-Aug-19,130 min
460,Sparkle,PG,1-Nov-19,98 min
461,Speech & Debate,PG-13,6-Jul-17,96 min
462,SPF-18,PG-13,30-Oct-17,75 min
463,Spider-Man 3,PG-13,1-Nov-19,139 min
464,Spider-Man: Into the Spider-Verse,PG,26-Jun-19,117 min
465,Spookley the Square Pumpkin,G,1-Sep-19,47 min
466,Spy Kids,PG,1-Apr-19,88 min
467,Spy Kids 2: The Island of Lost Dreams,PG,8-Mar-19,100 min
468,Spy Kids 3: Game Over,PG,1-Apr-19,83 min
469,Spy Kids: All the Time in the World,PG,19-Feb-19,88 min
470,Star Wars: Episode VIII: The Last Jedi,PG-13,26-Jun-18,152 min
471,Stardust,PG-13,1-Jul-20,128 min
472,Starsky & Hutch,PG-13,1-Jul-19,101 min
473,Step Sisters,PG-13,19-Jan-18,108 min
474,Stonehearst Asylum,PG-13,8-Sep-17,113 min
475,Strange but True,PG-13,30-Aug-20,96 min
476,Stranger than Fiction,PG-13,1-Oct-20,113 min
477,Strictly Ballroom,PG,1-Jan-20,95 min
478,Stuart Little,PG,1-Jan-20,85 min
479,Stuart Little 2,PG,1-Jan-20,78 min
480,Suffragette,PG-13,16-Nov-19,107 min
481,Sunday's Illness,PG-13,15-Jun-18,113 min
482,Superman Returns,PG-13,1-Oct-19,154 min
483,Superstar,PG-13,20-Nov-19,82 min
484,Surf's Up,PG,1-Jan-21,86 min
485,Sweetheart,PG-13,25-Dec-19,83 min
486,Taare Zameen Par,PG,10-Jan-21,162 min
487,Takers,PG-13,3-Nov-19,107 min
488,Tarzan,G,23-Jun-18,89 min
489,Tarzan 2,G,23-Jun-17,72 min
490,Teenage Mutant Ninja Turtles,PG,1-May-19,87 min
491,Teenage Mutant Ninja Turtles II: The Secret of the Ooze,PG,1-Jan-20,88 min
492,Teenage Mutant Ninja Turtles: The Movie,PG,1-Jan-20,94 min
493,Terminator Salvation,PG-13,1-Jan-20,115 min
494,The Adventures of Sharkboy and Lavagirl,PG,2-Dec-20,93 min
495,The Adventures of Tintin,PG,20-Nov-19,107 min
496,The American President,PG-13,1-Jan-21,113 min
497,The Angry Birds Movie 2,PG,27-Feb-20,97 min
498,The Artist,PG-13,25-Apr-20,101 min
499,The Black Prince,PG-13,3-Oct-18,121 min
500,The Bounty Hunter,PG-13,1-Oct-19,111 min
501,The Box,PG-13,1-Jun-19,116 min
502,The Boy,PG-13,1-Jun-20,97 min
503,The Boy in the Striped Pajamas,PG-13,1-Jan-19,95 min
504,The Breadwinner,PG-13,20-Feb-18,93 min
505,The Break-Up,PG-13,16-Jul-19,107 min
506,The Brothers Grimm,PG-13,1-Jul-19,119 min
507,The Bucket List,PG-13,1-Oct-19,97 min
508,The Bye Bye Man,PG-13,1-Apr-19,96 min
509,The Car,PG,1-Jun-20,96 min
510,The Christmas Candle,PG,1-Nov-19,100 min
511,The Christmas Chronicles: Part Two,PG,25-Nov-20,115 min
512,The Cloverfield Paradox,PG-13,5-Feb-18,102 min
513,The Command,PG-13,19-Oct-19,118 min
514,The Confirmation,PG-13,6-Feb-19,101 min
515,The Croods,PG,29-Jul-19,99 min
516,The Da Vinci Code,PG-13,1-Dec-20,149 min
517,The Dark Crystal,PG,1-May-19,93 min
518,The Darkness,PG-13,16-Jun-20,92 min
519,The Dukes of Hazzard,PG-13,1-Jan-20,104 min
520,The First Wives Club,PG,20-Nov-19,103 min
521,The Flintstones,PG,1-Oct-19,91 min
522,The Flintstones in Viva Rock Vegas,PG,1-Oct-19,91 min
523,The Forbidden Kingdom,PG-13,1-Jul-19,104 min
524,The Forest,PG-13,16-Feb-20,93 min
525,The Founder,PG-13,21-Aug-20,115 min
526,The Good Catholic,PG-13,24-Jan-18,97 min
527,The Grandmaster,PG-13,26-Sep-19,108 min
528,The Green Hornet,PG-13,18-Apr-20,119 min
529,The Half Of It,PG-13,1-May-20,105 min
530,The Haunting of Molly Hartley,PG-13,4-Oct-18,85 min
531,The Help,PG-13,1-Jun-20,147 min
532,The Hundred-Foot Journey,PG,31-Jan-19,123 min
533,The Hurricane Heist,PG-13,26-Sep-18,103 min
534,The Hurt Business,PG-13,1-Feb-17,111 min
535,The Imaginarium of Doctor Parnassus,PG-13,8-Mar-19,123 min
536,The Impossible,PG-13,1-Nov-20,114 min
537,The Incredibles 2,PG,30-Jan-19,118 min
538,The Indian in the Cupboard,PG,1-Nov-20,96 min
539,The Invention of Lying,PG-13,1-Jan-20,99 min
540,The Iron Lady,PG-13,7-Jul-19,105 min
541,The Jane Austen Book Club,PG-13,8-Mar-19,106 min
542,The Karate Kid,PG,17-Oct-19,140 min
543,The Keeping Hours,PG-13,1-Sep-18,95 min
544,The Lake House,PG,1-Sep-19,98 min
545,The Lamb,PG,4-Jun-18,86 min
546,The Last Airbender,PG,8-Apr-20,104 min
547,The Last Exorcism,PG-13,1-Sep-19,88 min
548,The Last Whistle,PG,26-Oct-19,88 min
549,The Life Ahead,PG-13,13-Nov-20,95 min
550,The Little Mermaid,PG,1-Dec-18,85 min
551,The Little Prince,PG,6-Nov-20,107 min
552,The Longshots,PG,30-Jan-19,95 min
553,The Look of Silence,PG-13,26-Feb-16,103 min
554,The Lord of the Rings: The Return of the King,PG-13,1-Jan-20,201 min
555,The Lord of the Rings: The Two Towers,PG-13,1-Jan-20,179 min
556,The Lost Husband,PG-13,10-Aug-20,110 min
557,The Love Guru,PG-13,20-Nov-19,87 min
558,The Mask of Zorro,PG-13,1-Jan-20,138 min
559,The Midnight Sky,PG-13,23-Dec-20,119 min
560,The Muppets,PG,1-Sep-20,104 min
561,The Naked Gun 2 1/2: The Smell of Fear,PG-13,1-Jan-20,85 min
562,The Naked Gun: From the Files of Police Squad!,PG-13,1-Jan-21,85 min
563,The Natural,PG,1-Jan-20,138 min
564,The Next Karate Kid,PG,1-Nov-20,107 min
565,The Nut Job,PG,18-Jun-20,85 min
566,The Nutcracker and the Four Realms,PG,28-May-19,99 min
567,The Other Guys,PG-13,1-Feb-20,108 min
568,The Pelican Brief,PG-13,1-Nov-19,141 min
569,The Perks of Being a Wallflower,PG-13,1-Apr-20,103 min
570,The Phantom of the Opera,PG-13,1-Jun-19,141 min
571,The Pink Panther,PG,1-Jul-19,93 min
572,The Pirate Fairy,G,15-Jun-14,78 min
573,The Pirates! Band of Misfits,PG,1-Oct-20,88 min
574,The Pixar Story,G,18-Nov-18,89 min
575,The Polar Express,G,1-Jan-21,100 min
576,The Prince & Me,PG,1-Oct-20,111 min
577,The Princess and the Frog,G,16-Jul-19,98 min
578,The Prom,PG-13,11-Dec-20,132 min
579,The Promise,PG-13,9-Aug-20,133 min
580,The Pursuit of Happyness,PG-13,1-Oct-19,117 min
581,The Rainmaker,PG-13,20-Nov-19,136 min
582,The Reliant,PG-13,28-Apr-20,116 min
583,The Ring,PG-13,1-Jan-20,116 min
584,The River Wild,PG-13,1-Sep-18,111 min
585,The Roommate,PG-13,1-Apr-20,91 min
586,The Rugrats Movie,G,1-Oct-19,81 min
587,The Sapphires,PG-13,26-Apr-19,99 min
588,The Sea of Trees,PG-13,8-Nov-18,111 min
589,The Secret Life of Pets 2,PG,27-Dec-19,86 min
590,The Short Game,PG,12-Dec-13,100 min
591,The Signal,PG-13,13-Jul-18,97 min
592,The Silence,PG-13,10-Apr-19,91 min
593,The Smurfs,PG,1-Sep-20,103 min
594,The Smurfs 2,PG,15-Sep-20,105 min
595,The Social Dilemma,PG-13,9-Sep-20,94 min
596,The Social Network,PG-13,1-Apr-20,121 min
597,The Space Between Us,PG-13,1-Jun-19,120 min
598,The Spiderwick Chronicles,PG,1-Mar-19,97 min
599,The Spy Next Door,PG,1-Nov-20,94 min
600,The Theory of Everything,PG-13,16-Dec-18,123 min
601,The Time Machine,PG-13,23-Nov-19,96 min
602,The Time Traveler's Wife,PG-13,1-Oct-19,107 min
603,The Tourist,PG-13,7-Jan-20,103 min
604,The Tuxedo,PG-13,1-Nov-19,99 min
605,The Two Popes,PG-13,20-Dec-19,126 min
606,The Unknown Known,PG-13,22-Feb-19,103 min
607,The Vatican Tapes,PG-13,20-Apr-20,91 min
608,The Water Horse: Legend of the Deep,PG,1-Nov-18,112 min
609,The Waterboy,PG-13,8-Mar-17,90 min
610,The Willoughbys,PG,22-Apr-20,92 min
611,The World Is Not Enough,PG-13,31-Dec-19,128 min
612,The World We Make,PG,4-Sep-19,108 min
613,The Young Messiah,PG-13,27-Aug-20,111 min
614,"Thelonious Monk: Straight, No Chaser",PG-13,1-Nov-19,89 min
615,Thor: Ragnarok,PG-13,5-Jun-18,131 min
616,Tigertail,PG,10-Apr-20,91 min
617,Tini: The New Life of Violetta,G,19-Feb-17,99 min
618,Tinker Bell and the Legend of the NeverBeast,G,17-May-15,78 min
619,"To Wong Foo, Thanks for Everything! Julie Newmar",PG-13,1-Aug-19,108 min
620,Tomorrow Never Dies,PG-13,31-Dec-19,119 min
621,Tortilla Soup,PG-13,15-Sep-20,104 min
622,Tracers,PG-13,22-Oct-19,94 min
623,Traitor,PG-13,1-Jul-18,114 min
624,Transcendence,PG-13,1-Nov-18,119 min
625,Tremors,PG-13,1-Jan-20,96 min
626,Tremors 2: Aftershocks,PG-13,1-Jan-20,100 min
627,Tremors 3: Back to Perfection,PG,1-Jan-20,104 min
628,Tremors 4: The Legend Begins,PG-13,1-Jan-20,101 min
629,Tremors 5:  Bloodline,PG-13,1-Jan-20,99 min
630,Tremors 6: A Cold Day in Hell,PG-13,1-May-18,98 min
631,Tremors: Shrieker Island,PG-13,20-Oct-20,102 min
632,True Grit,G,1-Jan-20,128 min
633,Turbo,PG,12-Sep-19,96 min
634,Unaccompanied Minors,PG,1-Oct-19,90 min
635,Undefeated,PG-13,18-Aug-17,113 min
636,Under the Shadow,PG-13,7-Jan-17,84 min
637,Undercover Grandpa,PG-13,1-Nov-17,94 min
638,Underdogs,PG,15-Jun-20,85 min
639,Unfinished Song,PG-13,22-Jul-19,94 min
640,Unknown,PG-13,1-Jan-21,113 min
641,Vampires vs. the Bronx,PG-13,2-Oct-20,86 min
642,Vantage Point,PG-13,1-Nov-19,90 min
643,Victor,PG-13,24-Jul-17,110 min
644,Wadjda,PG,19-May-20,93 min
645,"""Waiting for """"Superman""""""",PG,7-Sep-20,111 min
646,Walking Out,PG-13,1-Oct-19,96 min
647,War Horse,PG-13,6-May-19,147 min
648,Water & Power: A California Heist,PG,1-Feb-18,78 min
649,We Can Be Heroes,PG,25-Dec-20,101 min
650,What a Girl Wants,PG,1-May-20,105 min
651,What Lies Beneath,PG-13,1-Jan-20,130 min
652,What's Eating Gilbert Grape,PG-13,1-Jan-21,118 min
653,Where the Money Is,PG-13,15-Jan-20,89 min
654,Wild Child,PG-13,1-Nov-19,98 min
655,Wild Oats,PG-13,13-May-17,86 min
656,Wild Wild West,PG-13,1-Jan-20,106 min
657,Wildlife,PG-13,1-Sep-20,105 min
658,Willy Wonka & the Chocolate Factory,G,1-Jan-20,100 min
659,Winchester,PG-13,1-Jul-20,100 min
660,Wish Upon a Unicorn,PG,15-Sep-20,93 min
661,Woody Woodpecker,PG,6-Feb-18,91 min
662,World Trade Center,PG-13,20-Nov-19,129 min
663,Wyatt Earp,PG-13,1-Jan-20,191 min
664,XXx,PG-13,1-Jan-19,124 min
665,XXX: State of the Union,PG-13,1-Jan-19,101 min
666,Yellowbird,PG,5-Aug-15,90 min
667,Yes Man,PG-13,1-Jan-20,104 min
668,Yoga Hosers,PG-13,2-Dec-16,88 min
669,"Yours, Mine and Ours",PG,20-Nov-19,88 min
670,Zokkomon,PG,1-Nov-18,104 min
671,Zoom,PG,11-Jan-20,88 min
